net,length_um
net157,675.75
net114,675.32
net6,671.48
net158,626
net129,578.19
net15,567.77
net30,566.11
net50,558.9
net103,558.14
net43,555.03
net289,554.7
net95,550.55
net41,549.94
net37,548.71
net32,546.46
net136,546.25
net89,536.99
net152,535.99
net46,534.66
net5,534.55
net213,532.63
net150,531.85
net178,527.79
net147,514.105
net228,509.3
net93,506.9
net91,505.385
_3586_,504.26
net161,503.72
net69,499.04
net168,496.92
net212,495.88
net162,495.48
net107,494.76
net78,493.83
net112,490.75
net165,487.55
net124,486.63
net139,486.28
net156,476.83
net90,472.47
net66,471.31
net31,469.19
net119,465.21
net14,463.55
net159,463.31
net163,460.92
net131,454.93
net126,448.2
net122,443.795
net77,441.63
net17,439.91
u_out_fmt.Valid_out\[2\],439.705
net23,438.27
net84,436.41
net68,436.12
net16,433.915
net65,433.33
net174,432.87
clknet_0_clk,431.86
net49,429.53
net116,428.73
net222,425.88
net194,423.76
net199,423.36
net8,423.25
net115,422.84
net135,422.71
net153,419.33
net72,416.37
net4,412.8
net27,410.97
net206,410.56
net169,409.42
net75,408.62
net60,408.35
net35,405.25
_0234_,405.22
net170,404.26
net140,401.13
net193,398.88
net61,395.75
net155,394.23
net143,390.43
net221,390
_1582_,389.37
net100,387.92
_3594_,380.54
net104,379.6
net109,378.22
net132,376.81
clknet_3_7__leaf_clk,371.26
net138,368.8
net171,367.61
net248,367.49
net58,366.12
net198,365.62
net120,365.56
_0261_,365.14
_0337_,364.21
net36,364.1
net125,363.26
net121,362.89
_0269_,361.81
_0615_,361.57
net1,359.59
net47,358.4
net123,358.1
_2481_,358.06
_3544_,357.8
net177,357.21
net76,357.07
net10,356.465
net82,353.93
_0268_,353.38
_0216_,351.52
net83,349.64
net130,349.155
net179,348.7
_3545_,348.11
net214,346.16
net294,346.095
net44,345.98
net74,345.61
net52,345.09
net28,345
net231,341.46
net80,340.11
_0378_,339.36
net263,337.88
_0271_,337.41
net180,336.06
_0279_,334.095
net79,333.51
_0326_,332.79
_0327_,332.71
_0211_,332.68
_0215_,332.4
clknet_3_3__leaf_clk,331.73
net216,331.58
net272,329.28
_0310_,328.92
net11,326.49
net105,326.32
net266,325.68
net62,325.36
net45,323.56
_0359_,321.91
_0589_,321.68
net98,320.28
_0267_,319.925
net154,319.51
net167,315.31
net2,314.02
net81,313.44
net226,312.26
net151,312.14
net249,311.34
net172,310.86
net9,310.01
net39,308.42
_1303_,308.37
net12,305.59
_0131_,303.46
net243,303.4
_1088_,303.245
net189,303.15
net190,302.98
_0183_,301.89
net251,300.6
_0321_,300.08
net7,299.27
_1004_,294.52
_0272_,293.66
net19,293.11
net111,292.56
net137,292.56
_1739_,292.38
net96,286.78
_0278_,286.01
_0230_,283.82
clk,283.57
net87,281.5
net142,281.04
_0309_,280.94
net175,278.56
net149,278.24
net164,278.24
net57,277.56
net148,277.25
net160,276.7
_0213_,276.68
_0219_,276.28
net102,276.22
_3611_,275.24
_0229_,275.08
_0169_,271.625
net3,270.27
_0594_,269.92
_3582_,269.76
net127,268.94
net267,267.795
_0243_,267.44
net86,266.51
_0220_,264.245
net219,264.19
net108,263.47
net56,261.05
net51,260.61
_0586_,260.18
_0254_,258.49
_0302_,258.105
net94,258.08
net18,257.81
_0740_,257.58
net128,257.56
_3371_,256.06
net67,255.67
net59,255.45
net210,255.42
_1814_,254.24
net113,253.98
_0144_,253.7
_3583_,253.47
net53,253.4
net29,252.8
_2948_,250.52
_2739_,246.51
_2760_,245.82
net244,245.7
net85,245.62
net238,244.96
_0192_,243.385
net256,241.58
net195,240.85
net241,240.66
net13,240.32
net63,239.28
_0291_,238.32
net185,237.7
_0966_,236.35
net236,236.32
_3557_,236.18
_0396_,235.79
net144,235.74
_3607_,235.17
_0231_,234.05
_3595_,233.49
_1793_,233
_0182_,232.91
net250,232.86
_0125_,232.31
net97,230.97
_0200_,230.86
_0135_,229.19
net34,229.115
net242,228.95
_0201_,228.72
_1526_,228.1
_0259_,227.36
net71,226.11
net134,226.11
net215,226.07
_3571_,225.645
net287,225.36
net22,224.98
_1879_,224.14
_3568_,223.04
_1302_,222.88
_0207_,221.955
_0155_,221.48
net192,219.74
_0732_,218.88
_0424_,218.3
net133,218
_2876_,217.16
net88,217.12
net176,217.04
net24,216.68
_0257_,216.64
_0205_,216.62
_1052_,216.51
u_out_fmt.Result_out\[48\],216.46
_1717_,216.21
net173,216.14
_0133_,215.94
net73,215.85
net70,215.84
_0121_,213.985
_1005_,213.18
_2635_,210.84
u_out_fmt.Result_out\[44\],210.44
_0176_,210.38
net191,210.155
net204,209.96
_0228_,209.71
_0256_,209.7
net264,209.01
_2714_,208.45
net118,208.38
_3684_,208.29
net145,208.22
_0202_,208.05
_1587_,207.68
net211,206.96
_3742_,206.63
net258,206.4
_0350_,206.33
_2690_,205.72
u_out_fmt.Result_out\[37\],205.34
net196,205.28
_3685_,205.23
_3590_,204.79
net254,204.62
_1772_,204.57
net278,203.74
net99,202.42
_0177_,200.11
_0242_,199.97
_3517_,199.695
net141,198.86
net54,197.66
_0752_,197.39
_3585_,197.32
_3375_,195.27
_0147_,195
net55,194.84
net207,194.52
_0601_,194.315
_0253_,192.66
_0180_,191.37
net25,191.34
_1761_,190.79
net117,190.38
_3600_,189.51
_0727_,189.48
net40,189.46
_0755_,189.31
_0130_,189.12
net186,188.83
_0154_,188.61
u_out_fmt.Result_out\[32\],188.36
net166,188.35
_0237_,188.28
net227,187.79
_3589_,187.52
_2758_,187.28
_1857_,186.35
net205,186.18
_1003_,186.08
_2960_,186.02
_0134_,184.98
net26,184.81
_2841_,184.65
_1120_,184.52
net92,183.82
_1859_,183.02
_0146_,182.05
net187,182.02
net106,181.88
_3578_,181.82
_0128_,181.3
_0132_,180.65
_0756_,180.49
_0199_,179.98
net223,179.75
_0585_,179.73
_0921_,179.06
_3527_,178.57
_0203_,178.17
_0380_,178.1
net48,177.86
_3174_,177.47
_0140_,177.1
_3572_,176.6
_0198_,175.895
net235,175.8
_1290_,175.52
_0973_,174.515
_3182_,173.64
net21,173.4
net20,173.28
_2703_,173.21
net38,172.93
_2395_,172.5
_3550_,172.4
net42,172.17
_1916_,172.08
_2142_,171.02
net324,170.76
net101,170.12
_1121_,170.01
_1669_,169.21
_0426_,169.125
_2175_,169.12
_0197_,168.825
_0188_,168.3
net209,167.84
_0162_,167.03
_1933_,166.73
net197,166.51
_0627_,166.24
_0148_,165.88
_2801_,165.7
_3239_,165.56
_0970_,165.25
_0127_,164.84
_3042_,163.965
_1922_,163.58
_1750_,163.54
_3679_,163.42
_2450_,163.36
net146,162.74
_0425_,162.65
clknet_3_5__leaf_clk,162.625
_0158_,162.52
net33,162.48
_0934_,162.44
clknet_3_4__leaf_clk,162.43
_0143_,162.24
_1656_,161.96
_3610_,161.8
_0255_,161.52
net183,161.22
_2788_,160.94
_1432_,160.91
_1107_,160.6
_0349_,160.48
_1984_,159.57
net110,158.41
_3201_,158.265
_3238_,157.93
net295,157.89
_0118_,157.61
u_out_fmt.Valid_out\[1\],157.46
_0161_,156.98
_1804_,156.525
_2032_,154.57
_0920_,154.06
_0117_,153.02
net182,152.85
_0377_,152.6
_0709_,151.9
_3500_,151.68
_0252_,151.58
_0684_,151.5
_0145_,151.38
_1901_,150.97
_3559_,150.78
_3325_,150.315
_3399_,149.89
_1645_,149.185
_2307_,149.04
net232,148.56
_0160_,148.5
_2296_,148.47
_1520_,147.54
_0712_,147.46
_2384_,146.34
_0348_,146.18
_2669_,146.04
_3054_,146.02
_3237_,145.72
_0708_,145.71
_2421_,145.51
_2318_,145.3
_0971_,145.07
net285,144.87
_0124_,144.7
_0138_,144.4
_2625_,144.26
_0193_,143.88
_0116_,143.42
_2453_,142.27
_3348_,141.55
net240,141.06
_2173_,140.91
_3427_,140.36
_0227_,140.32
_0107_,138.87
_0139_,138.72
_2769_,138.01
_0284_,137.55
_0153_,136.95
_1706_,136.42
_1444_,136.365
_1757_,136.155
net284,136.05
_0249_,136.03
_1501_,135.375
_2352_,134.94
net317,134.52
net265,133.82
_0967_,133.42
_2420_,132.84
_3743_,132.71
_0375_,132.7
clknet_3_6__leaf_clk,132.68
_3760_,131.98
_0122_,131.34
_1108_,131.24
_0142_,131.21
_0751_,131.2
_0567_,130.34
_1667_,130.31
_2240_,129.715
_2021_,129.635
_1113_,129.31
_0570_,129.21
_3547_,128.77
_0870_,128.67
_1755_,128.25
_1299_,128.16
_3671_,127.68
net288,127.42
_3339_,127.26
_1618_,126.8
_0303_,126.54
_3370_,126.44
_0129_,126.38
_2863_,126.29
_0159_,126.27
_0438_,126.17
_2131_,125.38
_3337_,124.26
u_out_fmt.Result_out\[35\],124.22
net201,124.06
_3327_,123.88
_0119_,123.8
_2594_,123.545
_3053_,123.5
_3369_,123.37
_0600_,123.32
_1659_,123.1
_0527_,122.56
_3068_,122.26
_2425_,122
_0711_,121.78
_2681_,121.44
net283,121.13
_0767_,120.3
_0867_,120.24
_3024_,120.13
_1663_,119.86
_3323_,119.03
_3019_,119
_0398_,118.95
_0636_,118.7
_1375_,118.58
_1203_,118.39
_2630_,118
_0488_,117.73
_3395_,117.695
_1379_,117.16
_1908_,117.05
_1182_,116.945
_3628_,116.82
_1071_,116.62
_2560_,116.61
_3433_,116.6
_1288_,116.47
_3372_,116.12
_2813_,115.31
_1904_,115.16
_1512_,114.56
_0485_,114.52
_1050_,114.45
_1283_,114.24
_0942_,114.22
_1456_,113.79
_2692_,113.62
_0451_,113.5
_0446_,113.46
_3484_,113.27
_0729_,113.12
clknet_3_0__leaf_clk,113.06
_3402_,112.8
_0566_,112.76
_2983_,112.72
u_out_fmt.Result_out\[34\],112.53
_3021_,112.24
net257,111.94
_0760_,111.855
net300,111.84
_3646_,111.62
_3424_,111.47
_1798_,111.32
_1696_,111.17
_1825_,111.07
_1015_,111.06
_1091_,110.95
_3011_,110.84
_2164_,110.52
_2443_,110.51
_3035_,110.41
_3158_,110.4
_2838_,110.34
_2052_,110.01
_2780_,109.955
_2793_,109.88
net301,109.5
_0113_,109.4
_0516_,109.4
_3220_,109.29
_1988_,109.27
_2516_,108.93
_1974_,108.91
_3331_,108.9
_3353_,108.76
_0579_,108.5
_0123_,108.31
_0996_,108.26
_1453_,108.02
_2010_,107.94
_0435_,107.37
_2264_,107.26
_3426_,107.07
_3554_,106.84
_3601_,106.82
_0479_,106.62
_3665_,106.62
_2572_,106.45
_3030_,106.38
_1702_,106.325
_1049_,105.63
_3459_,105.44
clknet_3_2__leaf_clk,105.38
_2656_,105.25
_2062_,105.03
_2626_,104.915
_1654_,104.36
_1683_,104.26
_3644_,103.94
_3336_,103.78
_1075_,103.68
_1391_,103.59
_1266_,103.45
_0663_,103.33
_2271_,102.91
_0720_,102.83
_3503_,102.68
_0573_,102.64
_0852_,102.27
_2680_,102.1
_1037_,101.82
net319,101.64
_3394_,101.22
_1803_,100.92
_3016_,100.785
_2805_,100.76
_0865_,100.64
_1899_,100.435
_1880_,100.42
_2350_,100.41
_1445_,100.27
_3455_,100.08
_1985_,99.96
_3047_,99.9
_2711_,99.85
_0517_,99.73
_2951_,99.54
_2791_,99.53
_0181_,99.27
_0520_,99.22
_3504_,99.22
_2252_,98.88
_2435_,98.76
_2200_,98.635
_0543_,98.63
net217,98.62
_2783_,98.58
net64,98.22
_3616_,98.19
_1048_,98.09
_2895_,98.05
_1900_,97.97
_0798_,97.76
net271,97.61
_0018_,97.315
_1934_,96.835
_0871_,96.74
_1383_,96.46
_1043_,96.39
_2065_,96.18
_2527_,96.18
_0178_,96.06
_3160_,95.94
_2640_,95.83
_3509_,95.82
_3332_,95.69
_2587_,95.6
_1918_,95.52
_0187_,95.41
net237,95.3
net259,95.1
_2678_,94.8
_0629_,94.54
_2802_,94.535
_2176_,94.44
_1647_,94.4
_0647_,94.06
_3202_,93.97
_3168_,93.67
_1674_,93.4
_3190_,93.34
_0853_,93.33
net310,93.09
_0857_,92.905
_3722_,92.78
_0165_,92.56
_0933_,92.45
_1507_,91.89
_1805_,91.68
_3066_,91.56
_0421_,91.54
_2199_,91.44
_2900_,91.42
_2976_,91.28
_1749_,91.08
_0646_,90.78
_1263_,90.76
_1271_,90.57
_1791_,90.3
_1205_,90.015
_1929_,90
_0950_,89.84
_0961_,89.76
_1268_,89.76
_2256_,89.65
_1703_,89.44
_1764_,89.36
_3000_,89.24
_3458_,88.87
_1823_,88.81
_1289_,88.75
_1524_,88.7
_0427_,88.6
_0614_,88.24
_2293_,88.17
_1962_,88.045
_2576_,88
u_out_fmt.Result_out\[50\],87.65
_1204_,87.64
_2265_,87.52
_2363_,87.48
_3235_,87.38
net181,87.09
_2609_,87.04
_3678_,86.965
_0467_,86.8
_1316_,86.71
_1999_,86.57
net255,86.28
net225,85.92
_2392_,85.64
_2373_,85.63
_1482_,85.58
_3161_,85.28
_0556_,85.22
net234,84.68
_2290_,84.58
_0360_,84.32
_0578_,84.27
_1781_,84.205
_2208_,84.2
_2165_,84.155
_2694_,84.13
net202,83.9
_1567_,83.5
_3452_,83.49
_0675_,83.47
_3318_,83.35
_0617_,83.22
net203,83.16
_2388_,83.01
_0173_,82.92
_1779_,82.9
_1877_,82.66
_2260_,82.54
_1273_,82.37
_1914_,82.2
_1032_,82.14
_1247_,81.98
net296,81.97
u_out_fmt.Result_out\[2\],81.86
_2667_,81.84
_3510_,81.79
_1436_,81.54
_1760_,81.34
_2942_,81.3
_1070_,81.17
u_out_fmt.Result_out\[15\],81.1
_1557_,81.08
_2534_,81.01
_0346_,80.74
_3328_,80.72
u_out_fmt.Result_out\[33\],80.62
_3088_,80.58
_0529_,80.55
_0405_,80.5
_3599_,80.22
net247,80.22
_3074_,79.91
net281,79.83
_1869_,79.82
_1797_,79.78
_0434_,79.465
_3706_,79.44
_2804_,79.42
_1359_,79.33
_0588_,79.215
_1366_,79.035
_2433_,78.76
_2362_,78.62
_2584_,78.49
_0569_,78.46
_2566_,78.38
_2251_,78.32
_2224_,78.22
_1635_,78.18
_3278_,78.18
net261,77.86
_2000_,77.83
_0150_,77.7
_1016_,77.64
_2810_,77.52
_1946_,77.2
_3710_,77.14
_2997_,76.94
_0379_,76.85
_0164_,76.73
_3614_,76.62
_3425_,76.6
_2893_,76.57
_2321_,76.52
_1885_,76.48
_1868_,76.4
_2039_,76.4
_0518_,76.32
_0564_,76.18
_1502_,76.17
_2662_,76.1
_1471_,75.88
_2332_,75.81
_1270_,75.8
_3227_,75.73
_3171_,75.61
_2756_,75.47
_2795_,75.44
_3349_,75.42
_1114_,75.4
_2351_,75.4
net262,75.26
net286,75.2
_0475_,75.16
_2523_,75.1
_1099_,74.96
_2218_,74.93
_0577_,74.89
_3322_,74.78
_1741_,74.5
_2269_,74.42
_2451_,74.38
_2344_,74.3
_0572_,74.11
_3138_,74.01
_1826_,73.72
_1300_,73.65
_1829_,73.6
_1913_,73.5
_3236_,73.48
_2537_,73.42
_1118_,73.4
_1236_,73.06
_2915_,73.04
_1384_,72.74
_2289_,72.7
_2320_,72.68
_0390_,72.62
_0367_,72.34
_1133_,72.32
_1275_,72.3
_2297_,72.14
_3686_,72.04
_0926_,72.02
_2595_,71.92
_3167_,71.92
_3057_,71.78
net291,71.66
_3107_,71.625
_2149_,71.6
_2553_,71.6
_2719_,71.59
_3082_,71.57
_1104_,71.3
_2682_,71.2
_1517_,71.14
net246,71.12
_1159_,71.08
_1598_,71.06
_1677_,71.06
_0995_,70.96
net200,70.92
_3049_,70.86
_1726_,70.71
_2409_,70.44
_0115_,70.4
_1080_,70.28
_2531_,70.26
_1277_,70.14
_3476_,70.14
_3755_,70.1
net184,69.54
_1138_,69.47
_2406_,69.3
_2181_,69.26
_1074_,69.1
_1477_,69.04
_2328_,69.03
_3166_,69.025
_1498_,68.985
_1238_,68.92
_2180_,68.8
_0388_,68.7
_2708_,68.685
_3287_,68.6
_2143_,68.58
_2741_,68.58
_2965_,68.56
_3627_,68.4
_3690_,68.38
_1368_,68.34
_1362_,68.3
_1809_,68
_1611_,67.945
_2908_,67.815
_1011_,67.72
net220,67.68
_0896_,67.66
_1096_,67.66
_2288_,67.66
_1510_,67.58
_0637_,67.42
_0630_,67.4
_1371_,67.36
_2675_,67.34
_1191_,67.32
_3579_,67.28
_0455_,67.12
_1085_,67.06
_2432_,67.02
_1192_,66.9
_1596_,66.86
_2850_,66.86
_3461_,66.86
_2872_,66.82
_0442_,66.8
_0189_,66.7
_3241_,66.675
_1220_,66.58
_3720_,66.58
_0872_,66.53
_2724_,65.95
_0175_,65.86
_0674_,65.86
_3744_,65.84
_1629_,65.52
_2001_,65.45
_3526_,65.32
clknet_3_1__leaf_clk,65.26
_3137_,65.165
_1026_,65.14
_1285_,65.02
_2865_,65.02
_1222_,65.01
_2545_,64.92
_3596_,64.92
_0492_,64.9
_0634_,64.9
_1531_,64.86
_1078_,64.76
_2130_,64.645
_2448_,64.64
_1902_,64.6
_1794_,64.58
_3211_,64.54
_1381_,64.45
_2526_,64.4
_2427_,64.02
_0280_,64
_2699_,63.88
_2590_,63.85
_2733_,63.82
_1506_,63.58
u_out_fmt.Result_out\[49\],63.56
_2633_,63.38
_3560_,63.35
_0414_,63.34
_2873_,63.34
_2749_,63.32
_2911_,63.28
_1386_,63.06
_1775_,62.98
_0620_,62.94
_2746_,62.89
_2670_,62.88
_1836_,62.8
_2098_,62.795
_2498_,62.64
_3031_,62.64
_0861_,62.41
_0606_,62.38
_0988_,62.38
_3226_,62.28
_0592_,62.27
_1632_,62.25
_1788_,62.2
_2529_,62.16
_2815_,62.04
_1025_,61.98
_0315_,61.88
_1151_,61.88
_0591_,61.8
_1148_,61.56
_2115_,61.5
_1875_,61.42
_0214_,61.39
_0874_,61.36
_2857_,61.335
net297,61.28
_2500_,61.17
_1309_,61.16
_2336_,61.03
_3184_,61.01
_0478_,60.84
_1314_,60.78
_1335_,60.76
_1813_,60.72
_2771_,60.66
_3136_,60.64
_2765_,60.54
_2853_,60.53
_1461_,60.47
_2685_,60.46
_3456_,60.44
_3285_,60.325
_0304_,60.32
_3502_,60.28
_0593_,60.24
_1304_,60.2
_1818_,60.18
_2024_,60.14
_1959_,60.1
_1989_,60.07
_1119_,60.02
_2490_,59.96
u_out_fmt.Result_out\[14\],59.86
_0283_,59.72
_1145_,59.72
_0522_,59.68
_0371_,59.54
_3570_,59.54
_2050_,59.48
_2311_,59.36
_2538_,59.32
_2734_,59.32
_1975_,59.21
_1457_,59.2
_2179_,59.2
_2313_,59.16
net282,59.05
_2835_,59.04
net224,58.96
_3405_,58.94
_0949_,58.86
_2540_,58.84
_2860_,58.83
_3320_,58.78
_3667_,58.69
_1217_,58.6
_1503_,58.6
_1602_,58.39
_1447_,58.08
_0623_,58.06
_2325_,58.02
_2185_,57.96
_1367_,57.92
_0324_,57.88
_1927_,57.88
_1976_,57.8
_2431_,57.76
_1038_,57.72
_2905_,57.7
_0618_,57.68
_3629_,57.62
_1721_,57.48
_1878_,57.48
_1021_,57.42
_1097_,57.34
_2971_,57.34
_2306_,57.24
_1912_,57.23
_1376_,57.125
_1687_,57.08
_0370_,57.06
_1601_,57.04
_2726_,57
_1200_,56.98
net245,56.96
_1518_,56.95
_0766_,56.93
_1481_,56.9
_3435_,56.9
_0336_,56.86
_0031_,56.83
_1093_,56.77
_0168_,56.76
_1808_,56.7
_1242_,56.68
_1458_,56.68
_1990_,56.6
_2551_,56.6
_2929_,56.52
_3301_,56.52
_0464_,56.48
net208,56.48
_1281_,56.42
_1938_,56.37
_0351_,56.36
_1612_,56.32
_1881_,56.3
_2964_,56.22
_3344_,56.16
_1641_,56.115
_1509_,56.1
_3652_,56.1
_2170_,56.02
_1964_,55.95
_2356_,55.86
_2233_,55.78
_1853_,55.695
_3374_,55.68
_2299_,55.62
_2303_,55.58
_2441_,55.56
_1965_,55.5
_3059_,55.5
_1559_,55.46
_1950_,55.45
_1226_,55.4
_2720_,55.32
_3340_,55.32
_2843_,55.26
_1958_,55.24
_1000_,55.22
net313,55.22
net280,55.195
_1431_,55.19
_0190_,55.14
_1434_,55.1
_0156_,55.06
_2745_,55.04
_1413_,55.01
_0795_,54.86
_1221_,54.82
_3205_,54.76
_1211_,54.74
_3597_,54.695
_3401_,54.68
_3576_,54.68
_1325_,54.65
_3282_,54.6
_2697_,54.58
_1944_,54.56
_3711_,54.56
_1593_,54.47
_0235_,54.42
_1147_,54.34
_1925_,54.34
_3746_,54.34
_0437_,54.32
_3587_,54.32
_3701_,54.3
_0137_,54.22
_2766_,54.22
_2988_,54.22
_1590_,54.16
_2603_,54.14
_2109_,54.12
_0776_,54.1
_0489_,54.08
_0369_,54.05
_1143_,54
_1588_,53.88
_0986_,53.86
_1370_,53.84
_2089_,53.78
_1137_,53.71
_0765_,53.7
_0744_,53.56
_2452_,53.54
_0519_,53.52
_2086_,53.41
_2127_,53.36
_2215_,53.36
_1079_,53.34
_2012_,53.33
_0503_,53.3
_2826_,53.26
_2750_,53.24
_0975_,53.2
_3111_,53.2
_1617_,53.18
_0004_,53.06
_1495_,53.06
_2845_,53
_1834_,52.93
_0701_,52.88
_1134_,52.87
_2096_,52.74
_1225_,52.72
_0802_,52.68
_1872_,52.64
_1563_,52.58
_2647_,52.54
_1116_,52.535
_1907_,52.5
_1307_,52.32
_1961_,52.32
_1864_,52.3
_2235_,52.3
_1234_,52.26
_2829_,52.255
_0576_,52.18
_1981_,52.12
_2725_,52.1
_3569_,52.08
_1174_,52.05
_1306_,51.96
_1665_,51.88
_0696_,51.76
_2533_,51.74
_2387_,51.7
_3775_,51.68
_2495_,51.64
_2880_,51.64
_3423_,51.59
_0707_,51.56
_3700_,51.5
_0448_,51.46
_0955_,51.46
_1430_,51.27
_2661_,51.26
_0157_,51.2
_2706_,51.2
_2305_,51.12
_2378_,51.12
_1898_,51.06
net218,51.06
_0167_,51
_1377_,50.9
_1858_,50.8
_3056_,50.79
_2150_,50.78
_2731_,50.71
_3338_,50.7
_3378_,50.7
_3175_,50.62
_2017_,50.6
_1193_,50.52
_1378_,50.4
_3397_,50.37
_0801_,50.34
_1735_,50.32
_0947_,50.26
_2559_,50.24
_2616_,50.21
_0225_,50.2
_0749_,50.16
_2472_,50.14
_1433_,50.12
_1967_,50.12
_2677_,50.12
_2080_,49.98
_1152_,49.96
_3023_,49.945
_1017_,49.94
_2458_,49.92
_3108_,49.9
_0325_,49.84
_0952_,49.8
_2205_,49.8
_1215_,49.74
_1255_,49.66
_0919_,49.575
_2730_,49.555
_1467_,49.42
_2968_,49.38
_1820_,49.34
_1670_,49.16
_1785_,49.16
_2110_,49.1
_1732_,49.04
_2480_,48.95
_2374_,48.88
_1125_,48.82
_2924_,48.82
_0785_,48.76
_3383_,48.74
_0598_,48.7
_3609_,48.7
_2644_,48.69
_2653_,48.68
_3581_,48.66
_0989_,48.62
_1713_,48.62
_3365_,48.56
_2849_,48.53
net239,48.32
_0452_,48.3
_1768_,48.26
net260,48.18
_3105_,48.1
_1361_,48.08
_2231_,48.08
net309,48.06
_1765_,48.02
_2586_,47.925
_2502_,47.86
_0657_,47.82
_1724_,47.8
_2117_,47.78
_0454_,47.67
_2599_,47.66
_1513_,47.65
_2593_,47.58
_2773_,47.55
_1197_,47.52
_0374_,47.46
_2884_,47.42
_3071_,47.31
_0850_,47.25
_0978_,47.22
_2287_,47.22
_2898_,47.21
_2799_,47.18
_1155_,47.17
_1253_,47.16
_2138_,47.14
_3333_,47.115
_0246_,47.1
_1995_,47.02
_2354_,46.93
_2013_,46.86
_0462_,46.84
_2567_,46.82
_2073_,46.8
_2192_,46.8
_2449_,46.8
_2861_,46.78
_1231_,46.74
_0682_,46.72
_2041_,46.62
_3420_,46.59
_3543_,46.59
_2723_,46.48
_2343_,46.465
_3005_,46.46
_2184_,46.42
_1786_,46.4
_0984_,46.38
_3029_,46.22
_0533_,46.21
_0972_,46.2
_1822_,46.18
_0459_,46.16
_1970_,46.15
_1117_,46.1
_1508_,46.1
_1815_,46.1
_3675_,46.02
_2716_,46.01
_0311_,45.98
_1980_,45.975
_2045_,45.94
_1592_,45.92
_1673_,45.78
_2102_,45.78
_1077_,45.76
_1223_,45.76
net275,45.66
_3414_,45.65
_1835_,45.6
_2213_,45.52
_2651_,45.46
_1294_,45.3
_1651_,45.255
_1684_,45.12
_3393_,45.02
_2281_,45
_1135_,44.99
_0648_,44.98
_1348_,44.96
_0602_,44.86
_1780_,44.76
_2084_,44.76
_1083_,44.7
_1515_,44.68
_3277_,44.68
_1403_,44.58
_2688_,44.56
_0728_,44.5
_1154_,44.46
_1778_,44.46
_1572_,44.44
_2957_,44.42
_2663_,44.38
_1258_,44.36
_1956_,44.22
_1727_,44.2
_2989_,44.07
_3683_,44.06
_2008_,43.94
_2809_,43.92
_1527_,43.91
_1543_,43.84
_2445_,43.84
_0982_,43.76
_1883_,43.76
_3513_,43.63
_3178_,43.54
_3297_,43.46
_2060_,43.43
_3615_,43.43
_1106_,43.415
_3326_,43.4
_0649_,43.38
_1939_,43.3
_3432_,43.2
_1141_,43.16
_1972_,43.16
_1162_,43.14
_2162_,43
_1224_,42.99
_1171_,42.92
_0316_,42.88
_2456_,42.84
_2365_,42.8
_1081_,42.74
_2100_,42.7
_2133_,42.67
_1466_,42.62
_1475_,42.62
_3017_,42.56
_0983_,42.52
_2399_,42.44
_0965_,42.435
_0512_,42.065
_1260_,42
_3281_,42
_0076_,41.98
_3637_,41.96
_1126_,41.94
_1519_,41.92
_3354_,41.92
_1462_,41.84
_0632_,41.8
_2291_,41.8
_0494_,41.78
_0915_,41.78
_3215_,41.76
_2858_,41.74
_1709_,41.66
_3659_,41.65
_2798_,41.6
_2034_,41.59
_0402_,41.58
_2999_,41.58
_3483_,41.565
_1101_,41.54
_3355_,41.54
_3418_,41.54
_1759_,41.5
_3147_,41.5
_0780_,41.48
_1053_,41.46
_1692_,41.44
_1417_,41.42
_3764_,41.42
_2881_,41.41
_0980_,41.34
_3126_,41.34
_0993_,41.32
_0114_,41.285
_0863_,41.27
_1973_,41.24
_1842_,41.15
_0664_,41.08
_2381_,41.08
net233,41.08
_2541_,41
_2347_,40.98
_0407_,40.92
_1871_,40.9
_1850_,40.85
_2068_,40.83
_1347_,40.82
_0777_,40.78
_0082_,40.765
_2978_,40.76
_1705_,40.64
_1799_,40.6
_1240_,40.58
_2437_,40.54
_1646_,40.52
_1112_,40.46
_1374_,40.46
_1157_,40.44
_1743_,40.44
_3416_,40.42
_2465_,40.38
_1419_,40.36
_0997_,40.31
_3713_,40.3
_3112_,40.24
_0151_,40.22
_2046_,40.2
_0964_,40.18
_2627_,40.16
_2122_,40.12
_3465_,40.08
_0002_,40
_2855_,40
_3702_,39.96
_3162_,39.92
_3234_,39.92
_1494_,39.9
_0595_,39.88
_1189_,39.86
_1230_,39.86
_2444_,39.86
_3199_,39.78
_2701_,39.66
_0731_,39.63
_2822_,39.58
_3453_,39.46
_3506_,39.46
_3412_,39.42
_0515_,39.39
_0536_,39.36
_0422_,39.34
_3567_,39.34
_3415_,39.32
_1491_,39.28
_2459_,39.28
_2053_,39.27
_0292_,39.16
_1701_,39.14
_1843_,39.14
_1839_,39.1
_2512_,39.1
_1714_,39.07
_2047_,38.97
_0582_,38.94
_3382_,38.94
_2071_,38.935
_1657_,38.92
_3357_,38.9
_1055_,38.72
_3618_,38.72
_0443_,38.7
_1846_,38.695
_2323_,38.685
_1606_,38.64
_1947_,38.64
_1833_,38.58
_1932_,38.575
_0365_,38.56
_3041_,38.56
_0956_,38.54
_1708_,38.54
_0384_,38.48
_1532_,38.46
_3387_,38.46
_0474_,38.44
_3067_,38.44
_1002_,38.42
_1753_,38.42
_1451_,38.36
_2945_,38.34
_0669_,38.3
_2811_,38.28
_3206_,38.28
_1625_,38.26
_1539_,38.25
_2484_,38.25
_0969_,38.22
_0999_,38.22
_3642_,38.22
_1165_,38.21
_2583_,38.2
_1089_,38.18
_2255_,38.06
_2461_,38.04
u_out_fmt.Result_out\[1\],37.86
_2316_,37.82
_0096_,37.8
_1537_,37.73
_2054_,37.68
u_out_fmt.Result_out\[3\],37.64
u_out_fmt.Result_out\[51\],37.64
_0185_,37.56
_1817_,37.34
_2466_,37.34
_3051_,37.34
_0381_,37.26
_1416_,37.24
_2709_,37.22
_1401_,37.12
_3672_,37.12
_0306_,37.08
_2698_,37.08
_3584_,37.08
_2404_,37.055
_2227_,37.03
_1887_,37
_3118_,36.91
_1855_,36.9
_1420_,36.89
_0726_,36.88
_3356_,36.86
_0694_,36.84
_2755_,36.7
_2623_,36.68
net268,36.68
_0644_,36.66
_1286_,36.66
_0954_,36.64
_2920_,36.64
_3363_,36.64
_0043_,36.6
_0481_,36.6
_2057_,36.58
_2123_,36.56
_3145_,36.54
_0661_,36.52
_1774_,36.52
_3660_,36.48
_3308_,36.46
_3641_,36.44
_2643_,36.4
_1357_,36.36
_3345_,36.32
_1422_,36.23
_2580_,36.22
_1968_,36.2
_2272_,36.195
_2413_,36.18
_0403_,36.16
_1084_,36.12
_1355_,36.06
_1478_,36.06
_2735_,35.96
_1807_,35.94
_2470_,35.9
_1909_,35.88
_3350_,35.88
_3141_,35.86
_1848_,35.84
u_out_fmt.Result_out\[24\],35.84
_3139_,35.8
_0941_,35.78
_1415_,35.74
_1619_,35.72
_3390_,35.72
_3714_,35.72
_1536_,35.7
_1800_,35.62
_3408_,35.62
_0599_,35.6
_1341_,35.58
_0612_,35.56
_1127_,35.56
_2808_,35.52
_1459_,35.505
_1356_,35.5
_3407_,35.48
_0624_,35.38
_1363_,35.36
net307,35.34
_0763_,35.3
_1198_,35.28
_2219_,35.28
_0784_,35.26
_0717_,35.24
_0868_,35.24
_1570_,35.16
_1530_,35.12
_3779_,35.1
net253,35.1
_1109_,35.02
_1910_,35.02
_1811_,34.98
_3072_,34.97
_1838_,34.92
net303,34.91
_1489_,34.88
_3233_,34.88
_1057_,34.84
_1184_,34.84
_0250_,34.77
_3765_,34.72
_2717_,34.66
_0233_,34.64
_0991_,34.58
_0266_,34.56
_1716_,34.56
_0560_,34.52
_0297_,34.5
_1166_,34.5
_2415_,34.495
_1533_,34.48
_3396_,34.46
_0480_,34.44
_2569_,34.42
_3050_,34.3
_1229_,34.23
_3093_,34.22
_3528_,34.155
_3129_,34.14
_3317_,34.14
_3315_,34.11
_1006_,34.01
_0126_,34
_1723_,34
_0575_,33.96
_3636_,33.92
_1895_,33.82
_1406_,33.78
_2454_,33.77
_1534_,33.74
_1176_,33.72
_2270_,33.7
_2818_,33.7
_1389_,33.68
_2195_,33.68
_2743_,33.68
_2878_,33.64
_1320_,33.58
_1874_,33.58
_2657_,33.56
_1644_,33.54
_2901_,33.53
_0639_,33.52
_1992_,33.48
_1580_,33.46
_3151_,33.42
_3400_,33.42
_2619_,33.38
_3018_,33.38
_0960_,33.33
_2390_,33.32
_3065_,33.32
_3392_,33.28
_3551_,33.23
_3209_,33.22
_1605_,33.2
_0394_,33.18
_1241_,33.1
_1199_,33.08
_0401_,33.06
Add_Rslt_s3[142],33.03
_1849_,32.99
_1105_,32.98
_3058_,32.96
_1861_,32.92
_3398_,32.92
_0288_,32.9
_3086_,32.89
_1233_,32.82
_0565_,32.8
_1067_,32.78
_3624_,32.72
_0491_,32.7
net321,32.68
_1923_,32.655
_0547_,32.64
_1188_,32.64
_0258_,32.62
_3403_,32.58
_1455_,32.56
_1535_,32.5
_0195_,32.48
_1771_,32.48
_3663_,32.48
_0603_,32.36
_1218_,32.36
_2837_,32.36
_0364_,32.32
_0232_,32.3
_1027_,32.3
_2317_,32.3
_2284_,32.24
_3230_,32.24
_2247_,32.22
u_out_fmt.Result_out\[38\],32.2
_1824_,32.18
net302,32.12
_1920_,32.03
_3311_,32.02
_1443_,31.98
_3362_,31.98
_2886_,31.965
_2477_,31.94
_0994_,31.88
_0940_,31.87
_3367_,31.86
_0754_,31.82
_3313_,31.73
_3229_,31.72
_2686_,31.7
_3366_,31.68
_2520_,31.64
_0447_,31.62
_1033_,31.54
_2613_,31.54
_1276_,31.48
_2607_,31.45
_3676_,31.44
_0641_,31.42
_0524_,31.4
_1945_,31.36
_2340_,31.33
_3443_,31.33
_0428_,31.32
_1924_,31.3
_2003_,31.28
_0882_,31.24
_3352_,31.24
_2061_,31.2
_0540_,31.18
_0746_,31.175
_2792_,31.16
_1758_,31.13
_1770_,31.12
_1213_,31.1
_1620_,31.07
_1411_,31.06
_3580_,31.06
_2879_,30.98
_2417_,30.96
_0476_,30.92
_1672_,30.92
_0654_,30.9
_1486_,30.9
_1688_,30.88
_2329_,30.88
_1718_,30.87
_0894_,30.855
_0739_,30.8
_1333_,30.8
_2582_,30.8
_0091_,30.76
_0609_,30.66
_2916_,30.66
_3385_,30.66
_0108_,30.64
_1699_,30.64
_1554_,30.62
_1493_,30.56
_0958_,30.47
_1298_,30.46
_2868_,30.46
_1863_,30.44
_2202_,30.4
_0224_,30.36
_1546_,30.36
_2617_,30.345
_0208_,30.32
_1257_,30.32
_1767_,30.32
_1540_,30.3
_3132_,30.3
_2707_,30.28
_2203_,30.275
_1789_,30.24
_1073_,30.22
_3625_,30.22
_3680_,30.215
_1186_,30.2
_1892_,30.2
_3691_,30.2
_3417_,30.16
_2436_,30.15
_3555_,30.12
_0653_,30.08
_2095_,30.06
_0544_,30
_1140_,29.98
_3359_,29.98
_1129_,29.94
_1385_,29.94
_3776_,29.9
_1997_,29.84
_1787_,29.76
_2486_,29.76
_3695_,29.76
_0495_,29.74
_0296_,29.72
_0787_,29.72
_1424_,29.7
_1812_,29.68
_1882_,29.67
_2659_,29.66
_2834_,29.66
_0090_,29.64
_1034_,29.64
_0557_,29.62
_2209_,29.58
_2933_,29.58
_2191_,29.565
_1578_,29.56
_2367_,29.55
_2839_,29.54
_2043_,29.53
_0830_,29.5
_2832_,29.48
_2216_,29.46
_2604_,29.45
_1291_,29.44
_3518_,29.4
_1280_,29.38
_1340_,29.34
_1156_,29.32
_2718_,29.32
_0706_,29.26
_1346_,29.26
_1608_,29.24
_1405_,29.18
_2019_,29.1
_2558_,29.08
_1327_,28.98
_3561_,28.98
_2776_,28.96
_3032_,28.96
_3410_,28.96
_1066_,28.94
_2083_,28.94
_0276_,28.92
_2935_,28.88
_0065_,28.86
_0343_,28.84
_1819_,28.84
_2917_,28.82
_2966_,28.8
_0077_,28.78
_0878_,28.78
_1149_,28.78
_3156_,28.76
_3044_,28.74
_1423_,28.72
_2214_,28.68
_3562_,28.67
_0060_,28.64
_1894_,28.64
_3314_,28.64
_1928_,28.6
_1954_,28.6
_1564_,28.58
_1344_,28.56
_1966_,28.54
_2151_,28.52
_1429_,28.48
_2198_,28.48
_1414_,28.46
_2606_,28.4
_2831_,28.38
_3096_,28.38
_1574_,28.34
_2369_,28.3
_2447_,28.28
_1202_,28.25
_1544_,28.22
_2806_,28.22
_3358_,28.22
_1694_,28.18
_1399_,28.16
_0017_,28.155
_3361_,28.08
_1525_,28.04
_1541_,27.98
_2063_,27.98
_1293_,27.94
_0450_,27.9
_0695_,27.88
_3014_,27.84
_3450_,27.82
_3294_,27.76
_3310_,27.73
_0721_,27.72
_0538_,27.7
_2944_,27.7
_2094_,27.69
_3223_,27.68
_1623_,27.66
_1523_,27.64
_3558_,27.6
_2556_,27.58
_1103_,27.56
_1136_,27.5
_2521_,27.48
_2995_,27.48
_1888_,27.44
_2926_,27.44
_3324_,27.44
_1328_,27.42
_2817_,27.38
_1736_,27.31
_0925_,27.3
_3347_,27.3
net325,27.3
_3784_,27.28
_2153_,27.26
u_out_fmt.Result_out\[22\],27.26
_0317_,27.24
_0656_,27.24
_3015_,27.24
_1158_,27.22
_1678_,27.22
_3574_,27.19
_2807_,27.18
_0436_,27.16
_0312_,27.14
_3116_,27.14
_1576_,27.1
_2210_,27.1
_1246_,27.08
_1352_,27.08
_3218_,27.08
_1397_,27.06
_2937_,27.04
_2401_,27.02
_0332_,26.9
_0345_,26.9
_1479_,26.8
_1636_,26.76
_3492_,26.76
_1279_,26.74
_2494_,26.74
_2846_,26.74
_0906_,26.72
_2309_,26.72
_2476_,26.72
_0775_,26.68
_0891_,26.68
_0724_,26.66
_0393_,26.64
_3060_,26.64
_1262_,26.62
_1330_,26.62
_1428_,26.62
_1499_,26.6
_2912_,26.59
_1854_,26.56
_2440_,26.54
_2632_,26.54
_2932_,26.42
_0929_,26.34
_2536_,26.32
_2532_,26.28
_0287_,26.24
_1766_,26.22
_3436_,26.21
_3110_,26.2
_3316_,26.18
_1425_,26.14
_3329_,26.14
_1630_,26.06
_1752_,26.06
_2812_,26.06
_1345_,26.04
_2134_,26.02
_1373_,25.96
_2779_,25.94
Result_out[29],25.93
_1906_,25.9
_2380_,25.88
_0040_,25.84
_3341_,25.84
_0528_,25.82
_1747_,25.78
_1595_,25.76
_3312_,25.68
_1691_,25.64
_2056_,25.62
_1150_,25.6
_1195_,25.6
_2028_,25.6
_2429_,25.6
_3216_,25.6
_0100_,25.58
_1624_,25.52
_0563_,25.5
_1638_,25.48
_3222_,25.48
_3228_,25.48
_3490_,25.46
_0862_,25.44
_0034_,25.42
_2059_,25.4
LZA_CNT_s3[4],25.38
net323,25.38
_0849_,25.34
_1132_,25.32
LZA_CNT_s3[3],25.3
_3298_,25.3
_3564_,25.29
_0725_,25.26
_0733_,25.26
_1711_,25.22
_2506_,25.215
_2075_,25.18
_1190_,25.16
_0112_,25.14
_2402_,25.14
_2658_,25.1
_3718_,25.1
_2524_,25.06
_0769_,25.04
_2258_,25.04
_1977_,25.035
_0300_,25.03
_0212_,24.9
_3556_,24.85
_2342_,24.84
_2407_,24.84
_3013_,24.84
_0770_,24.8
_1468_,24.8
_3472_,24.76
_1111_,24.7
_2621_,24.7
_0141_,24.68
_1095_,24.68
_1472_,24.68
_1710_,24.68
_3694_,24.68
_1463_,24.66
_3040_,24.6
_2485_,24.58
_1695_,24.56
_2186_,24.56
_1795_,24.54
_0924_,24.52
_0223_,24.48
_0816_,24.48
_0928_,24.48
_2907_,24.46
_3343_,24.46
_1110_,24.44
_2754_,24.42
_3623_,24.42
_2172_,24.38
_2479_,24.38
_2592_,24.36
_1396_,24.32
_1790_,24.3
_0482_,24.28
_1628_,24.28
_1745_,24.28
_0554_,24.26
_2851_,24.26
_1022_,24.24
_0391_,24.16
_3121_,24.16
_1439_,24.14
_2161_,24.14
_0932_,24.08
_1738_,24.06
u_out_fmt.Result_out\[59\],24.06
_3144_,24.03
_0771_,23.96
_1100_,23.96
_2155_,23.96
_2464_,23.92
_3279_,23.9
_0226_,23.88
_1937_,23.86
_0976_,23.84
_3080_,23.84
_3306_,23.83
_0838_,23.82
_2398_,23.82
_3549_,23.8
_0389_,23.78
_2938_,23.78
_3368_,23.78
_2234_,23.76
_0453_,23.68
_2505_,23.68
_0221_,23.64
_2790_,23.64
_1522_,23.62
_1410_,23.6
_3159_,23.52
_2994_,23.5
_1208_,23.38
_2575_,23.38
_1556_,23.34
_2248_,23.315
_3302_,23.3
_3448_,23.3
_3027_,23.28
_2158_,23.26
_0583_,23.24
_0918_,23.24
_2300_,23.24
_0361_,23.22
_0483_,23.22
_2301_,23.22
_2501_,23.22
_2187_,23.16
_2552_,23.16
_3103_,23.16
_1666_,23.14
_3364_,23.1
_0412_,23.08
_0010_,23.06
_0677_,23.04
_1626_,23.04
_2889_,23.02
_3515_,22.96
_1837_,22.92
_2263_,22.92
_1640_,22.91
_0299_,22.9
_0240_,22.86
_1029_,22.82
_0504_,22.79
_1852_,22.78
_0035_,22.76
_0745_,22.7
_1350_,22.68
_1393_,22.68
_1492_,22.64
_2118_,22.62
_3575_,22.6
_1349_,22.58
_2428_,22.54
_3293_,22.54
_1408_,22.52
_3062_,22.52
_3127_,22.5
_0440_,22.44
_2145_,22.41
_2786_,22.4
_2974_,22.4
_1122_,22.335
_3592_,22.32
Prec_s3[2],22.29
_2383_,22.285
_0834_,22.28
_1991_,22.28
_0811_,22.26
_1059_,22.26
_1418_,22.26
_1777_,22.24
_0037_,22.225
_2518_,22.22
_0011_,22.2
_0186_,22.16
_3488_,22.16
net293,22.14
_0089_,22.12
_2036_,22.12
_2984_,22.12
_0293_,22.1
_1365_,22.04
_2637_,22.04
_2869_,22.04
_1069_,22.03
_3548_,22.02
_0757_,22
_1441_,22
_0698_,21.98
_0686_,21.96
_2519_,21.96
_3439_,21.94
_2515_,21.9
_0742_,21.82
_0774_,21.8
_3538_,21.8
_1860_,21.78
_3780_,21.78
_0062_,21.76
_1844_,21.74
_0041_,21.72
_0824_,21.72
_1841_,21.7
_2442_,21.7
_3531_,21.68
_0911_,21.66
_1485_,21.66
_1737_,21.66
_2226_,21.66
_2794_,21.66
u_out_fmt.Result_out\[36\],21.66
Add_Rslt_s3[23],21.65
_2530_,21.64
_3658_,21.64
_3169_,21.6
_3535_,21.54
_0055_,21.5
_3046_,21.48
_0439_,21.44
_0038_,21.38
_2550_,21.38
_2689_,21.36
net229,21.36
_2774_,21.34
_0642_,21.32
_0441_,21.28
_0245_,21.24
_0320_,21.24
_3523_,21.24
_1387_,21.23
_3295_,21.22
_1742_,21.2
_0373_,21.18
_3299_,21.16
_0358_,21.14
_2022_,21.12
_2514_,21.08
_1250_,21.06
_1427_,21.03
_1342_,21.02
_1353_,21.02
_1239_,20.98
_2784_,20.98
_0635_,20.96
_1840_,20.94
Result_out[56],20.92
_3761_,20.92
Add_Rslt_s3[83],20.91
_1395_,20.9
_3276_,20.9
_0248_,20.88
_3471_,20.88
_3511_,20.88
_3512_,20.86
_0471_,20.84
_3719_,20.8
_1488_,20.78
_3098_,20.78
_3246_,20.7
_0789_,20.66
_2423_,20.66
_3777_,20.66
_0625_,20.64
_0734_,20.64
_1082_,20.64
_1153_,20.64
_1227_,20.615
_1322_,20.58
_0788_,20.56
_3321_,20.56
_0937_,20.54
_0420_,20.52
_0551_,20.52
net252,20.52
_1733_,20.5
_2713_,20.5
_2923_,20.48
_2549_,20.47
_2615_,20.46
_0415_,20.44
_0074_,20.42
_1979_,20.4
_0260_,20.36
_1935_,20.3
_2704_,20.26
_3721_,20.26
_3069_,20.24
u_out_fmt.Result_out\[0\],20.24
_0818_,20.2
_2821_,20.2
_3460_,20.18
_1180_,20.13
_0899_,20.12
_1337_,20.12
_0301_,20.08
_2418_,20.08
_1090_,20.07
_0366_,20.06
_1763_,20.06
_2139_,20.06
_0530_,20
_0666_,19.96
_2824_,19.88
Result_out[40],19.86
_2361_,19.86
_2474_,19.86
_1621_,19.84
_0307_,19.82
_1569_,19.82
Result_out[46],19.8
_0347_,19.8
_2555_,19.76
_1963_,19.74
_2326_,19.74
_1146_,19.72
_2674_,19.72
_0086_,19.66
_3662_,19.66
_0056_,19.6
_0951_,19.6
_1642_,19.6
_3446_,19.6
_2029_,19.58
_3772_,19.58
_2279_,19.5
_0542_,19.46
_2160_,19.44
_2634_,19.4
_2902_,19.4
_3670_,19.38
_3770_,19.36
_2025_,19.325
_1351_,19.32
_0571_,19.28
_2314_,19.28
_1538_,19.26
_3421_,19.26
_1773_,19.2
_2462_,19.18
_0331_,19.16
_1400_,19.16
_2544_,19.12
_2668_,19.1
_1551_,19.04
_0120_,19.02
_0318_,18.99
_1013_,18.96
_3380_,18.96
_1087_,18.94
_3442_,18.94
_3530_,18.93
_1633_,18.92
_3505_,18.91
_0413_,18.9
_2511_,18.9
_0847_,18.88
_1164_,18.84
_3109_,18.84
_3698_,18.84
u_out_fmt.Result_out\[61\],18.84
_2121_,18.78
_1031_,18.74
_0052_,18.735
_3001_,18.72
_0063_,18.7
_0574_,18.68
_0800_,18.68
_2946_,18.68
_3681_,18.68
_3620_,18.66
_0652_,18.64
_2196_,18.52
_0651_,18.5
_1832_,18.5
_1243_,18.48
_1296_,18.48
_0027_,18.44
_3307_,18.44
_0821_,18.42
u_out_fmt.Result_out\[62\],18.405
_0689_,18.38
_1639_,18.38
_0392_,18.36
_2403_,18.36
_3422_,18.36
_3438_,18.36
_0662_,18.32
_3240_,18.32
_0298_,18.3
_1001_,18.28
u_out_fmt.Result_out\[57\],18.26
_1566_,18.24
_3102_,18.24
_0676_,18.22
_2376_,18.2
_2762_,18.16
_2508_,18.12
Add_Rslt_s3[19],18.1
_2496_,18.1
_3638_,18.1
_3300_,18.02
_2238_,18
_3305_,18
_0908_,17.98
_1594_,17.96
_2243_,17.96
_3207_,17.94
_0909_,17.92
_1172_,17.88
_0397_,17.86
_2400_,17.82
_2763_,17.8
_3106_,17.8
_1329_,17.79
_0679_,17.76
_3034_,17.76
_0218_,17.74
_0692_,17.74
_0748_,17.7
_0768_,17.68
_0470_,17.66
_1008_,17.66
_2104_,17.64
_2665_,17.58
_1442_,17.56
_1660_,17.48
u_out_fmt.Result_out\[30\],17.48
_0880_,17.46
_2049_,17.46
_0423_,17.42
_0179_,17.4
_3605_,17.4
_0605_,17.32
_0762_,17.3
net320,17.3
_0209_,17.28
_0275_,17.26
_3542_,17.24
_3751_,17.24
_0490_,17.22
_2257_,17.22
_3165_,17.22
_1681_,17.16
_3115_,17.16
_2955_,17.14
_3687_,17.14
_0772_,17.08
_0912_,17.08
_1040_,17.06
_3608_,17.04
_3724_,17.04
_3043_,17.02
_3693_,17.02
_3479_,17
_1062_,16.98
_1210_,16.98
Add_Rslt_s3[36],16.97
_2597_,16.92
_0023_,16.9
_2721_,16.9
_0433_,16.875
_1178_,16.86
_2146_,16.84
_3128_,16.82
Add_Rslt_s3[60],16.81
_0587_,16.8
_3257_,16.8
_0172_,16.78
_2777_,16.78
_2977_,16.76
MaxExp_s3[28],16.75
Result_out[49],16.74
_1487_,16.74
Add_Rslt_s3[12],16.7
_2752_,16.7
_0876_,16.695
_3539_,16.695
_0001_,16.66
_2548_,16.66
_3480_,16.62
_1019_,16.6
_2539_,16.6
_3309_,16.6
_0837_,16.58
_0917_,16.56
_1552_,16.56
_2478_,16.56
_2871_,16.56
_0498_,16.54
_0049_,16.52
_3664_,16.52
_3750_,16.52
_0714_,16.5
_3619_,16.5
_2738_,16.46
_0419_,16.44
_1856_,16.42
_0399_,16.4
_0793_,16.4
_0807_,16.4
_1139_,16.38
_3566_,16.38
_3524_,16.36
_0902_,16.35
_3440_,16.32
_3520_,16.32
_0581_,16.3
_0790_,16.275
_2078_,16.26
_2467_,16.24
_0072_,16.22
_2987_,16.22
_3715_,16.22
_2241_,16.215
_3495_,16.2
_1319_,16.18
_3335_,16.18
_0106_,16.16
_1555_,16.16
_1896_,16.16
_1983_,16.14
_1206_,16.125
_2327_,16.12
_2394_,16.1
_2646_,16.1
_3630_,16.1
_1731_,16.08
_0655_,16.04
_0747_,16.02
_2166_,16
_2913_,15.98
_3135_,15.96
_3351_,15.96
_0738_,15.94
_0792_,15.92
_0885_,15.9
_2322_,15.9
_0613_,15.88
_3632_,15.88
_0559_,15.86
_3449_,15.86
_2996_,15.84
_3508_,15.84
_0879_,15.83
_0832_,15.82
_2245_,15.82
_3712_,15.82
_0006_,15.8
_2261_,15.8
_2370_,15.72
_3214_,15.72
_3635_,15.7
_2197_,15.64
_2936_,15.64
_0241_,15.62
_0400_,15.62
_3192_,15.61
_0700_,15.6
_3212_,15.6
_0660_,15.58
_0782_,15.58
_1827_,15.57
_2091_,15.56
_3099_,15.56
_3521_,15.56
_1343_,15.54
u_out_fmt.Result_out\[21\],15.54
Add_Rslt_s3[149],15.51
_3469_,15.46
_0842_,15.4
_2116_,15.4
_2430_,15.4
_0939_,15.38
_2101_,15.38
_1949_,15.36
_0650_,15.35
_0886_,15.35
Add_Rslt_s3[126],15.34
_0319_,15.34
_1754_,15.34
_2862_,15.34
_1583_,15.26
_3622_,15.26
_2051_,15.24
_2890_,15.24
_0263_,15.22
_0781_,15.22
_3534_,15.22
_2004_,15.2
Add_Rslt_s3[21],15.16
_1490_,15.16
_2751_,15.16
_1194_,15.14
_3692_,15.12
_3756_,15.06
_3768_,15.06
u_out_fmt.Result_out\[10\],15.06
_3225_,15.02
_3552_,15.02
_3084_,15.015
_0722_,15
_1181_,15
_2377_,14.98
_2015_,14.96
_0058_,14.94
_0335_,14.94
_1545_,14.94
_2897_,14.94
u_out_fmt.Result_out\[13\],14.92
_0508_,14.9
_0817_,14.9
_2152_,14.9
_0534_,14.88
_2775_,14.88
_1064_,14.86
u_out_fmt.Result_out\[28\],14.86
net279,14.84
_0761_,14.8
_1542_,14.76
_3647_,14.76
Add_Rslt_s3[151],14.75
_1648_,14.74
_3196_,14.74
_0262_,14.72
_2070_,14.72
u_out_fmt.Result_out\[60\],14.72
_0858_,14.7
_2292_,14.69
_3762_,14.68
_1941_,14.675
_3122_,14.67
_2222_,14.66
_3591_,14.66
_1729_,14.64
_3736_,14.64
_0737_,14.6
_3677_,14.57
_3633_,14.56
_3748_,14.54
_3507_,14.52
_3787_,14.52
_3389_,14.5
_2033_,14.48
_2892_,14.48
_1030_,14.46
_1437_,14.46
_2622_,14.46
_3759_,14.46
_3487_,14.44
_0484_,14.42
_1547_,14.4
_0938_,14.38
_1232_,14.34
_3498_,14.34
_0957_,14.3
_2375_,14.3
_0843_,14.28
_1634_,14.22
_3717_,14.21
u_out_fmt.Result_out\[42\],14.18
_2055_,14.16
_2182_,14.14
u_out_fmt.Result_out\[58\],14.14
Add_Rslt_s3[68],14.1
_3546_,14.1
_0473_,14.06
_1579_,14.06
_3656_,14.04
_2193_,14.02
_0355_,14
_0458_,14
_0814_,14
_1685_,14
_3289_,13.99
_1448_,13.98
_1704_,13.96
_1730_,13.96
_3280_,13.96
_0526_,13.94
_1435_,13.92
_0496_,13.88
_1953_,13.88
_2011_,13.88
_0815_,13.86
_2930_,13.86
_0080_,13.84
_0007_,13.82
_3707_,13.82
_2064_,13.72
_1473_,13.68
_1483_,13.68
_0822_,13.66
Result_out[63],13.64
_0799_,13.64
_1252_,13.64
_3655_,13.64
_3185_,13.62
_3319_,13.62
_0680_,13.6
u_out_fmt.Result_out\[47\],13.585
_3640_,13.58
_0308_,13.54
_1261_,13.54
_2867_,13.54
_2899_,13.54
_1955_,13.52
_0330_,13.5
_1169_,13.5
_1469_,13.5
_0222_,13.46
_3267_,13.46
_3493_,13.46
_0998_,13.42
_1643_,13.42
_2492_,13.42
_0736_,13.38
_2366_,13.38
_0265_,13.36
_3563_,13.36
_0502_,13.34
_0552_,13.3
_1196_,13.3
_3499_,13.26
_0786_,13.25
_3785_,13.25
_3478_,13.24
Add_Rslt_s3[59],13.23
_3213_,13.2
_3454_,13.18
_1993_,13.16
_2639_,13.16
_0353_,13.14
_0020_,13.12
_0025_,13.1
_1889_,13.1
Result_out[21],13.06
_3120_,13.06
_0387_,13.04
_1068_,13.04
_2570_,13.04
_2642_,13.04
_2660_,13.04
net305,13.04
_2044_,12.98
_1045_,12.96
_2823_,12.96
_2246_,12.92
_0859_,12.9
_1465_,12.88
Valid_out[3],12.86
Add_Rslt_s3[92],12.84
_3747_,12.84
_2767_,12.82
_0239_,12.78
_2087_,12.76
_2144_,12.76
_2438_,12.76
_3631_,12.76
_3666_,12.76
_2489_,12.755
_1614_,12.74
Add_Rslt_s3[101],12.72
_0898_,12.72
_2194_,12.72
_3028_,12.72
_1862_,12.7
_1952_,12.7
u_out_fmt.Result_out\[55\],12.7
_0514_,12.675
_1421_,12.64
_2654_,12.64
_3577_,12.64
Result_out[36],12.62
_0779_,12.62
_3754_,12.62
Add_Rslt_s3[84],12.58
LZA_CNT_s3[11],12.58
Add_Rslt_s3[143],12.5
Add_Rslt_s3[61],12.5
_0046_,12.5
_0071_,12.5
_0773_,12.5
_0877_,12.5
_1426_,12.5
_2111_,12.4
_2972_,12.4
_2002_,12.38
u_out_fmt.Result_out\[26\],12.38
_2268_,12.36
_0778_,12.34
_3377_,12.34
net273,12.34
_0900_,12.32
_1216_,12.32
Valid_out[2],12.28
_2042_,12.28
Add_Rslt_s3[89],12.24
_0608_,12.24
_0831_,12.22
_1470_,12.22
_2510_,12.22
_0845_,12.2
_3709_,12.2
_3602_,12.195
Result_out[12],12.18
_2649_,12.18
_3604_,12.18
_2085_,12.16
_2819_,12.16
_1331_,12.14
_2408_,12.14
_3697_,12.14
_3180_,12.08
_3757_,12.08
_0008_,12.06
_2483_,12.05
_1589_,12.04
_2379_,12.04
_2882_,12.04
_0093_,12
_3033_,12
_0678_,11.98
_2828_,11.98
_2691_,11.96
_3070_,11.96
Result_out[17],11.94
Result_out[27],11.94
_0417_,11.94
_2967_,11.94
_0959_,11.92
Result_out[59],11.89
_1740_,11.88
_2535_,11.88
_3334_,11.88
_0507_,11.86
_0511_,11.84
_2803_,11.84
_3150_,11.84
_3494_,11.84
_3649_,11.84
u_out_fmt.Result_out\[16\],11.82
_0469_,11.8
Add_Rslt_s3[116],11.78
Add_Rslt_s3[120],11.78
_2285_,11.76
_0668_,11.74
_0841_,11.74
_2578_,11.72
_1686_,11.7
_2360_,11.7
_3131_,11.7
Add_Rslt_s3[14],11.66
_0681_,11.66
_0685_,11.66
_1661_,11.62
_3639_,11.62
_0523_,11.6
_1762_,11.6
_3491_,11.6
Add_Rslt_s3[16],11.58
Add_Rslt_s3[29],11.58
LZA_CNT_s3[6],11.58
_0884_,11.58
_3533_,11.58
_3661_,11.58
_3704_,11.58
Add_Rslt_s3[131],11.57
_0362_,11.56
_0713_,11.56
_2239_,11.56
_0277_,11.54
_3486_,11.54
_2787_,11.52
_0825_,11.5
_3022_,11.5
_0555_,11.475
_0943_,11.46
_2016_,11.46
_2035_,11.46
_3626_,11.46
Result_out[11],11.44
_0328_,11.44
_0671_,11.42
_3243_,11.42
Add_Rslt_s3[75],11.41
_0820_,11.4
_3477_,11.38
_2397_,11.36
_2922_,11.36
_3612_,11.36
_3489_,11.355
_0087_,11.34
_1214_,11.34
_0848_,11.32
_1061_,11.32
_1748_,11.32
_2105_,11.32
_2666_,11.32
_3462_,11.32
_1297_,11.28
Result_out[57],11.26
_0851_,11.24
_2919_,11.24
_0892_,11.22
_3444_,11.22
_0411_,11.2
_2542_,11.2
_2562_,11.2
_0643_,11.16
MaxExp_s3[29],11.14
_0238_,11.14
_0026_,11.12
_1548_,11.12
_2282_,11.12
_2620_,11.12
_3048_,11.12
_0506_,11.1
_0548_,11.1
_1310_,11.1
_1440_,11.1
_2702_,11.1
_3593_,11.1
_3657_,11.1
_0844_,11.09
_0472_,11.08
_3036_,11.08
_3617_,11.065
_2497_,11.06
_3621_,11.06
Add_Rslt_s3[45],11.02
Add_Rslt_s3[55],11.02
Result_out[7],11.02
_1183_,11.02
_1321_,11.02
_2204_,11.02
_0067_,11
_0444_,11
_1960_,11
_0463_,10.96
_0497_,10.96
_0866_,10.96
_0270_,10.92
_3179_,10.9
_2504_,10.88
_2759_,10.88
_3588_,10.88
_2093_,10.86
Add_Rslt_s3[134],10.85
_0294_,10.84
_1051_,10.8
_2952_,10.8
_3172_,10.8
_0061_,10.78
_0102_,10.78
_2088_,10.78
_2522_,10.78
_2979_,10.78
Result_out[22],10.76
Result_out[62],10.76
_1023_,10.7
_2349_,10.7
Add_Rslt_s3[130],10.66
_3291_,10.64
_2482_,10.62
_3404_,10.62
_1728_,10.6
_3224_,10.6
Add_Rslt_s3[122],10.57
Result_out[1],10.56
Result_out[25],10.56
_0546_,10.56
_2557_,10.54
_3117_,10.54
_0833_,10.525
_0356_,10.52
_0468_,10.52
_3346_,10.52
_3501_,10.52
_3292_,10.46
Add_Rslt_s3[27],10.45
Add_Rslt_s3[71],10.45
_0048_,10.44
_0342_,10.44
_0697_,10.44
_0981_,10.44
_2896_,10.4
_3177_,10.4
_3688_,10.38
_0460_,10.34
_0622_,10.34
_2030_,10.34
_0341_,10.32
_0541_,10.32
_2491_,10.32
_3064_,10.32
_0499_,10.3
_0059_,10.28
_3100_,10.26
_0295_,10.24
_3696_,10.24
Add_Rslt_s3[100],10.2
Add_Rslt_s3[102],10.2
Add_Rslt_s3[105],10.2
Add_Rslt_s3[106],10.2
Add_Rslt_s3[107],10.2
Add_Rslt_s3[10],10.2
Add_Rslt_s3[111],10.2
Add_Rslt_s3[146],10.2
Add_Rslt_s3[153],10.2
Add_Rslt_s3[158],10.2
Add_Rslt_s3[159],10.2
Add_Rslt_s3[43],10.2
Add_Rslt_s3[67],10.2
Add_Rslt_s3[7],10.2
LZA_CNT_s3[12],10.2
MaxExp_s3[19],10.2
MaxExp_s3[21],10.2
MaxExp_s3[23],10.2
_0111_,10.18
_2396_,10.18
_3079_,10.18
_3537_,10.14
_0889_,10.125
_2840_,10.12
Add_Rslt_s3[103],10.1
_0893_,10.1
_3474_,10.1
_0535_,10.08
_1460_,10.08
_2026_,10.08
_2982_,10.08
_3525_,10.08
_3553_,10.08
_1318_,10.06
_2687_,10.04
_1142_,10.02
LZA_CNT_s3[13],10.01
_0290_,10
_1597_,10
_2463_,10
_3540_,10
_3598_,10
Result_out[61],9.98
_0465_,9.98
_2546_,9.98
_1042_,9.96
_1653_,9.96
_3451_,9.95
_1324_,9.94
_2295_,9.94
_3781_,9.94
_0322_,9.9
_0835_,9.9
Result_out[10],9.88
_2830_,9.88
_2781_,9.86
_0149_,9.84
_0977_,9.84
_3565_,9.84
_3674_,9.84
_1573_,9.825
_3290_,9.82
_3330_,9.8
_0509_,9.78
Result_out[54],9.77
Add_Rslt_s3[128],9.74
Add_Rslt_s3[138],9.74
Add_Rslt_s3[144],9.74
Add_Rslt_s3[161],9.74
Add_Rslt_s3[2],9.74
Add_Rslt_s3[3],9.74
Add_Rslt_s3[44],9.74
Add_Rslt_s3[4],9.74
Add_Rslt_s3[58],9.74
Add_Rslt_s3[76],9.74
Add_Rslt_s3[82],9.74
Add_Rslt_s3[87],9.74
MaxExp_s3[16],9.74
MaxExp_s3[27],9.74
_3522_,9.74
_1930_,9.72
_2067_,9.71
_0505_,9.7
_2048_,9.7
_0532_,9.68
_0673_,9.68
_3673_,9.68
_3758_,9.68
_0826_,9.665
_3078_,9.66
_3766_,9.66
Add_Rslt_s3[37],9.65
Result_out[20],9.64
Result_out[34],9.64
Result_out[35],9.64
Result_out[44],9.64
Result_out[50],9.64
Result_out[52],9.64
Result_out[6],9.64
Result_out[8],9.64
Result_sign_s3[2],9.64
_2925_,9.64
_0558_,9.62
_1511_,9.62
_1616_,9.58
_2785_,9.54
_2993_,9.54
MaxExp_s3[18],9.53
_2648_,9.52
_3441_,9.52
Add_Rslt_s3[115],9.51
_1971_,9.5
_0935_,9.48
_2081_,9.48
_3606_,9.48
_2236_,9.46
_3268_,9.46
_3782_,9.46
_2278_,9.44
_1124_,9.42
_0846_,9.4
_1237_,9.4
_3745_,9.4
_3603_,9.38
_0003_,9.36
_2747_,9.34
_1603_,9.335
_1943_,9.3
Add_Rslt_s3[13],9.28
Add_Rslt_s3[140],9.28
_0461_,9.28
_1287_,9.28
_1358_,9.28
_3384_,9.28
_0735_,9.26
_2610_,9.26
_3634_,9.26
_1560_,9.24
_3007_,9.24
net314,9.24
_0487_,9.2
_1409_,9.19
Result_out[19],9.18
_1627_,9.16
_3119_,9.14
_1308_,9.12
_2120_,9.12
_3467_,9.12
Add_Rslt_s3[17],9.09
_2671_,9.08
_2728_,9.08
_3130_,9.08
_2888_,9.07
_2961_,9.06
_3296_,9.06
_0500_,9.04
_1047_,9.04
_1604_,9.04
_2732_,9.04
_0073_,9.02
_0105_,9.02
_0716_,9.02
_2842_,9.02
_3164_,9.02
_3256_,9.02
_2652_,8.98
Result_out[33],8.97
Result_out[13],8.96
Result_out[15],8.96
Result_out[38],8.96
Result_out[42],8.96
Result_out[55],8.96
Valid_out[1],8.96
_0217_,8.94
_0979_,8.94
_1568_,8.94
u_out_fmt.Result_out\[52\],8.94
_0710_,8.92
_0718_,8.92
_1585_,8.92
_0808_,8.9
_0840_,8.9
_0021_,8.88
_3651_,8.88
_2672_,8.86
Add_Rslt_s3[0],8.84
Add_Rslt_s3[118],8.84
Add_Rslt_s3[124],8.84
Add_Rslt_s3[129],8.84
Add_Rslt_s3[135],8.84
Add_Rslt_s3[137],8.84
Add_Rslt_s3[148],8.84
Add_Rslt_s3[26],8.84
Add_Rslt_s3[28],8.84
Add_Rslt_s3[46],8.84
Add_Rslt_s3[57],8.84
Add_Rslt_s3[6],8.84
Add_Rslt_s3[70],8.84
Add_Rslt_s3[77],8.84
Add_Rslt_s3[8],8.84
Add_Rslt_s3[90],8.84
Add_Rslt_s3[98],8.84
LZA_CNT_s3[7],8.84
MaxExp_s3[22],8.84
MaxExp_s3[31],8.84
Prec_s3[1],8.84
_1986_,8.84
_0418_,8.82
_0810_,8.82
_2090_,8.82
_3208_,8.82
_3247_,8.82
_0395_,8.8
_0531_,8.8
_0604_,8.8
_2099_,8.78
_0383_,8.76
_2628_,8.76
Add_Rslt_s3[91],8.75
Add_Rslt_s3[110],8.72
Add_Rslt_s3[119],8.72
Add_Rslt_s3[125],8.72
Add_Rslt_s3[145],8.72
Add_Rslt_s3[147],8.72
Add_Rslt_s3[152],8.72
Add_Rslt_s3[157],8.72
Add_Rslt_s3[22],8.72
Add_Rslt_s3[42],8.72
Add_Rslt_s3[5],8.72
Add_Rslt_s3[64],8.72
Add_Rslt_s3[69],8.72
Add_Rslt_s3[85],8.72
LZA_CNT_s3[1],8.72
MaxExp_s3[26],8.72
Result_sign_s3[1],8.72
_3360_,8.7
_2910_,8.68
_3668_,8.68
_1054_,8.66
_2076_,8.66
_3284_,8.66
_3514_,8.66
_2217_,8.62
Add_Rslt_s3[109],8.61
_1698_,8.6
_3708_,8.6
net311,8.6
_0015_,8.585
_0014_,8.58
_1676_,8.58
_2894_,8.56
_0410_,8.54
_2473_,8.53
_2177_,8.52
_3173_,8.52
_3741_,8.52
_0901_,8.5
_2412_,8.5
_1776_,8.48
_2611_,8.48
_3097_,8.48
_0922_,8.47
_2254_,8.46
_3063_,8.46
_3249_,8.46
_0836_,8.44
_1655_,8.44
_1783_,8.44
_3466_,8.44
_3519_,8.42
Add_Rslt_s3[1],8.41
Add_Rslt_s3[63],8.41
_2157_,8.4
_2588_,8.4
Add_Rslt_s3[49],8.38
Add_Rslt_s3[94],8.38
_0206_,8.34
_2230_,8.34
_3248_,8.34
_3447_,8.335
_3445_,8.32
_0244_,8.3
_2956_,8.3
MaxExp_s3[24],8.29
_1412_,8.28
_2683_,8.28
_0363_,8.24
net230,8.24
_1264_,8.22
_2419_,8.22
_2836_,8.2
Add_Rslt_s3[155],8.15
Add_Rslt_s3[18],8.15
_0152_,8.14
_0690_,8.14
_1550_,8.14
_0895_,8.12
_2565_,8.12
_1870_,8.1
_3170_,8.1
_0033_,8.08
_1917_,8.08
_1332_,8.06
_2189_,8.06
Result_out[28],8.04
Result_out[41],8.04
_0109_,8.04
_1131_,8.04
_2581_,8.04
_2742_,8.04
_2308_,8.02
_3154_,8.02
_3204_,8.02
_3376_,8.02
_0699_,8
_0191_,7.98
_0783_,7.98
_1065_,7.98
_2757_,7.98
_3006_,7.98
_1168_,7.94
_3786_,7.94
Add_Rslt_s3[24],7.93
Add_Rslt_s3[97],7.93
Add_Rslt_s3[38],7.92
_0449_,7.92
_3266_,7.92
_0236_,7.9
_2469_,7.9
_3231_,7.9
_0094_,7.88
_0897_,7.88
_0251_,7.87
_0683_,7.86
_0758_,7.82
_3529_,7.785
_0273_,7.76
u_out_fmt.Result_out\[56\],7.76
_2414_,7.755
_0050_,7.74
_1354_,7.74
_3457_,7.74
net277,7.74
u_out_fmt.Result_out\[40\],7.72
_0803_,7.7
_2018_,7.68
_2174_,7.68
_2561_,7.68
_0430_,7.67
_0813_,7.66
_0827_,7.66
_0883_,7.66
_1312_,7.66
_3752_,7.66
_0580_,7.64
_0719_,7.64
_0881_,7.64
_1680_,7.64
_2382_,7.64
_2641_,7.64
_0386_,7.6
_1179_,7.6
_1380_,7.6
_2992_,7.6
_1615_,7.58
_3038_,7.58
_1102_,7.56
_2385_,7.56
_3242_,7.56
_0081_,7.54
_0068_,7.52
_1173_,7.52
_3163_,7.52
MaxExp_s3[17],7.49
_0665_,7.48
_2914_,7.47
u_out_fmt.Result_out\[12\],7.465
Add_Rslt_s3[160],7.45
_0084_,7.44
_1957_,7.44
_3532_,7.44
_0823_,7.42
_3221_,7.42
_3497_,7.42
_3613_,7.42
_3303_,7.4
_2107_,7.38
Result_out[0],7.37
Result_out[47],7.37
_2600_,7.36
_2137_,7.35
_0088_,7.34
_0743_,7.34
_0545_,7.32
_2359_,7.32
_2710_,7.32
_0053_,7.28
_0098_,7.28
_3437_,7.28
Add_Rslt_s3[141],7.25
Add_Rslt_s3[154],7.25
Add_Rslt_s3[50],7.25
Add_Rslt_s3[65],7.25
_0741_,7.24
_1562_,7.24
_1652_,7.24
_2507_,7.24
_0493_,7.22
_1010_,7.22
_1769_,7.22
_2509_,7.22
_0099_,7.18
_0501_,7.18
_1649_,7.18
_1921_,7.18
_2528_,7.18
u_out_fmt.Result_out\[46\],7.18
_3463_,7.16
Add_Rslt_s3[150],7.13
Add_Rslt_s3[30],7.13
Add_Rslt_s3[72],7.13
_0723_,7.12
_0962_,7.1
_2023_,7.1
_2074_,7.08
_0194_,7.06
_0549_,7.06
_0704_,7.06
_1454_,7.06
_1936_,7.06
_2513_,7.06
_3091_,7.06
_3140_,7.05
Add_Rslt_s3[133],7.01
Add_Rslt_s3[162],7.01
Add_Rslt_s3[48],7.01
rst_n,7.01
_0069_,7
_0705_,7
_0931_,7
_2525_,7
net304,7
net306,7
net315,7
_0092_,6.98
_2159_,6.98
_3732_,6.98
_0715_,6.96
_2410_,6.96
_3342_,6.96
_3429_,6.96
_3650_,6.96
_1388_,6.92
LZA_CNT_s3[0],6.91
_0610_,6.9
_2631_,6.89
_2446_,6.88
_3194_,6.88
_0525_,6.86
_1063_,6.86
_2664_,6.86
_3123_,6.86
u_out_fmt.Result_out\[27\],6.84
_0264_,6.82
_0702_,6.82
_3703_,6.82
_2275_,6.8
Add_Rslt_s3[121],6.79
Add_Rslt_s3[31],6.79
Add_Rslt_s3[39],6.79
Add_Rslt_s3[86],6.79
MaxExp_s3[25],6.79
_0791_,6.78
_1326_,6.78
_2108_,6.78
_2636_,6.78
_0075_,6.76
_2947_,6.76
_3386_,6.76
_3771_,6.76
_0083_,6.74
net188,6.74
_3654_,6.73
_0477_,6.72
_0828_,6.72
_1591_,6.72
_2471_,6.72
_2487_,6.72
_2696_,6.72
_3153_,6.72
_3730_,6.72
u_out_fmt.Result_out\[5\],6.72
_3541_,6.69
_0101_,6.66
_2638_,6.66
_3176_,6.66
_3379_,6.655
_0085_,6.64
_0537_,6.64
_0703_,6.64
_1177_,6.64
_1338_,6.64
_1828_,6.64
_2499_,6.64
_2934_,6.64
_3434_,6.64
_0659_,6.62
_2190_,6.62
_1018_,6.6
_1575_,6.6
_1784_,6.6
_2132_,6.6
Add_Rslt_s3[108],6.57
MaxExp_s3[30],6.57
Result_sign_s3[0],6.57
_0456_,6.54
_2207_,6.54
_0024_,6.52
_0204_,6.52
_0432_,6.52
_1671_,6.52
_0313_,6.5
_1244_,6.5
_1886_,6.5
_3689_,6.5
Add_Rslt_s3[54],6.45
_0044_,6.44
_2129_,6.44
_0550_,6.42
_0640_,6.42
_0948_,6.42
_1369_,6.42
_2319_,6.42
_0561_,6.4
_1801_,6.4
_2007_,6.4
_3669_,6.4
_1265_,6.36
_2927_,6.36
_0753_,6.32
_0854_,6.32
_2645_,6.32
Add_Rslt_s3[95],6.31
LZA_CNT_s3[10],6.31
Prec_s3[0],6.31
_0005_,6.3
_0404_,6.3
_0409_,6.3
_0809_,6.3
_1613_,6.3
_2493_,6.3
_2568_,6.3
_1170_,6.28
_1700_,6.28
_2564_,6.27
_1254_,6.26
_1577_,6.26
_2274_,6.26
_2601_,6.26
_3152_,6.26
u_out_fmt.Result_out\[29\],6.26
Add_Rslt_s3[80],6.23
Result_out[16],6.21
Result_out[2],6.21
Result_out[51],6.21
Result_out[53],6.21
_2740_,6.2
_0521_,6.18
_2426_,6.18
_2816_,6.18
_1092_,6.16
_0903_,6.14
_1521_,6.14
_2940_,6.14
_2962_,6.14
Add_Rslt_s3[35],6.11
Add_Rslt_s3[51],6.11
Add_Rslt_s3[52],6.11
Add_Rslt_s3[25],6.09
Add_Rslt_s3[33],6.09
LZA_CNT_s3[5],6.09
_1024_,6.08
_3037_,6.08
_3250_,6.08
_3409_,6.08
_1948_,6.06
_2168_,6.06
_3217_,6.06
_3485_,6.06
_3716_,6.06
_2866_,6.04
net299,6.04
_2980_,6.02
_3090_,6.02
_0170_,5.98
_0923_,5.98
Add_Rslt_s3[113],5.97
Add_Rslt_s3[62],5.97
Add_Rslt_s3[9],5.97
LZA_CNT_s3[2],5.97
_0289_,5.96
_2958_,5.96
_3734_,5.96
_0864_,5.94
_2887_,5.935
_0104_,5.92
_3010_,5.92
_3251_,5.92
_3273_,5.9
u_out_fmt.Result_out\[43\],5.885
_1851_,5.88
_2624_,5.86
_0408_,5.84
_0590_,5.84
_1060_,5.84
_2106_,5.84
_2800_,5.84
_3134_,5.84
_3155_,5.84
_3430_,5.84
_2991_,5.835
_1969_,5.82
_0445_,5.8
_3254_,5.8
Add_Rslt_s3[156],5.77
Add_Rslt_s3[41],5.77
Add_Rslt_s3[73],5.77
_3473_,5.75
_0184_,5.74
_3252_,5.74
_0286_,5.72
_0839_,5.72
_0927_,5.72
_1450_,5.72
_1719_,5.72
_2372_,5.72
_3025_,5.72
_1682_,5.7
_1987_,5.7
_2655_,5.7
_1505_,5.68
_1637_,5.68
_2909_,5.68
Add_Rslt_s3[117],5.65
Add_Rslt_s3[114],5.63
Add_Rslt_s3[32],5.63
LZA_CNT_s3[15],5.63
_0103_,5.62
_1315_,5.62
_3232_,5.62
_3481_,5.62
_0944_,5.6
_3496_,5.6
_0285_,5.58
_0338_,5.58
_2618_,5.58
_2904_,5.58
_2963_,5.58
_3003_,5.58
_0913_,5.56
_1664_,5.56
_2273_,5.56
_3288_,5.56
u_out_fmt.Result_out\[39\],5.545
Result_out[14],5.53
Result_out[18],5.53
Result_out[23],5.53
Result_out[24],5.53
Result_out[30],5.53
Result_out[32],5.53
Result_out[39],5.53
Result_out[3],5.53
Result_out[43],5.53
Result_out[58],5.53
_0946_,5.52
_0974_,5.52
_1009_,5.52
_1311_,5.52
_1549_,5.52
_2266_,5.52
_0553_,5.5
_3157_,5.5
_3186_,5.5
_0196_,5.48
_1697_,5.48
_2797_,5.48
_3264_,5.48
_1831_,5.455
_2312_,5.435
_3083_,5.435
Add_Rslt_s3[123],5.41
Add_Rslt_s3[139],5.41
Add_Rslt_s3[40],5.41
Add_Rslt_s3[56],5.41
Add_Rslt_s3[66],5.41
_0819_,5.4
_2178_,5.4
_3149_,5.4
_3187_,5.39
_0385_,5.38
_0945_,5.38
_1044_,5.38
_1693_,5.38
_1905_,5.38
_2136_,5.38
_2827_,5.38
_2918_,5.38
_3219_,5.38
_3262_,5.38
_3272_,5.38
_3388_,5.38
_2856_,5.375
_0013_,5.36
_0281_,5.34
_0619_,5.34
_0626_,5.34
_0687_,5.34
_0804_,5.34
_1658_,5.34
_2847_,5.34
_3113_,5.34
Add_Rslt_s3[127],5.29
MaxExp_s3[20],5.29
Result_sign_s3[3],5.29
_0095_,5.28
_2112_,5.28
_2220_,5.28
_2848_,5.28
_2990_,5.28
_0416_,5.26
_1035_,5.26
_1175_,5.26
_1187_,5.26
_2141_,5.26
_2770_,5.26
_3045_,5.26
_3428_,5.26
_3773_,5.26
_3749_,5.25
_0334_,5.22
_0794_,5.22
_2891_,5.22
Result_out[5],5.19
_0457_,5.16
_2679_,5.16
_3482_,5.16
_1707_,5.14
_2571_,5.14
_3536_,5.14
_2903_,5.12
_2943_,5.12
_3012_,5.12
_2959_,5.1
Add_Rslt_s3[20],5.07
_0764_,5.06
_1163_,5.06
_0329_,5.04
_0339_,5.04
_1734_,5.04
_0513_,5.02
_2038_,5.02
_3653_,5.02
_3767_,5.02
_2391_,5
_3468_,4.97
Add_Rslt_s3[15],4.95
Add_Rslt_s3[78],4.95
Add_Rslt_s3[88],4.95
LZA_CNT_s3[14],4.95
_0110_,4.94
_0136_,4.94
_1269_,4.94
_2460_,4.94
_3124_,4.94
_0759_,4.92
_1039_,4.92
_1098_,4.92
_1167_,4.92
_1334_,4.92
_1915_,4.92
_2031_,4.92
_2113_,4.92
_2128_,4.92
_2253_,4.92
_2302_,4.92
_2337_,4.92
_2782_,4.92
_2906_,4.92
_2969_,4.92
_0057_,4.88
_0658_,4.88
_0797_,4.88
_2163_,4.88
_2277_,4.88
_2629_,4.88
_3095_,4.88
_3645_,4.88
Result_out[26],4.85
Result_out[31],4.85
Result_out[37],4.85
Result_out[48],4.85
Result_out[4],4.85
Result_out[60],4.85
Result_out[9],4.85
Result_sign_out,4.85
_2259_,4.83
_0730_,4.82
_1558_,4.82
_1599_,4.82
_2389_,4.82
_3052_,4.82
_3783_,4.82
_0028_,4.8
_0042_,4.8
_0344_,4.8
_0584_,4.8
_0910_,4.8
_0916_,4.8
_1076_,4.8
_1282_,4.8
_1830_,4.8
_1865_,4.8
_2330_,4.8
_3516_,4.8
_2676_,4.78
_2859_,4.775
_0904_,4.765
_3726_,4.76
Add_Rslt_s3[11],4.73
Add_Rslt_s3[47],4.73
Add_Rslt_s3[74],4.73
Add_Rslt_s3[81],4.73
_1036_,4.7
_1675_,4.7
_2517_,4.7
_3265_,4.7
_0357_,4.68
_2355_,4.68
_3304_,4.68
_1128_,4.66
_1390_,4.66
_1565_,4.66
_3705_,4.64
Add_Rslt_s3[132],4.61
Add_Rslt_s3[53],4.61
_0406_,4.6
_0887_,4.6
_0963_,4.6
_1802_,4.6
_2950_,4.6
_3195_,4.58
_0688_,4.56
_2439_,4.56
_2304_,4.545
_1364_,4.54
_2921_,4.54
_0305_,4.48
_1336_,4.48
_2589_,4.48
_2833_,4.48
_2864_,4.48
_2998_,4.48
_3002_,4.48
_3753_,4.48
_0631_,4.46
_0914_,4.46
_0992_,4.46
_1360_,4.46
_1496_,4.46
_2188_,4.46
_2602_,4.46
_2772_,4.46
_2953_,4.46
_3009_,4.46
_3648_,4.46
u_out_fmt.Result_out\[7\],4.46
_0171_,4.435
_3739_,4.42
u_out_fmt.Result_out\[53\],4.42
Add_Rslt_s3[79],4.39
Result_out[45],4.39
Valid_out[0],4.39
_1402_,4.36
_2744_,4.36
_3026_,4.36
_0333_,4.34
_0376_,4.34
_0607_,4.34
_1245_,4.34
_1561_,4.34
_1609_,4.34
_1720_,4.34
_2357_,4.34
_2422_,4.34
_2455_,4.34
_2612_,4.34
_2684_,4.34
_2814_,4.34
Add_Rslt_s3[34],4.27
Add_Rslt_s3[93],4.27
Add_Rslt_s3[96],4.27
Add_Rslt_s3[99],4.27
LZA_CNT_s3[9],4.27
u_out_fmt.Result_out\[20\],4.265
_1553_,4.24
_3198_,4.24
_3203_,4.24
_3727_,4.24
_0352_,4.22
_2695_,4.22
_3419_,4.22
_2147_,4.2
_2543_,4.2
_2877_,4.2
_3245_,4.2
_3259_,4.2
_2345_,4.145
_0036_,4.14
_0314_,4.14
_1725_,4.14
_2092_,4.14
_0045_,4.13
_3193_,4.12
_2928_,4.1
u_out_fmt.Result_out\[8\],4.1
u_out_fmt.Result_out\[9\],4.1
_2475_,4.06
_0466_,4.02
_0907_,4.02
_1998_,4.02
_3774_,4.02
_0323_,4
_0510_,4
_1160_,4
_1284_,4
_1394_,4
_1407_,4
_1497_,4
_1679_,4
_2126_,4
_2135_,4
_2693_,4
_3271_,4
_3431_,4
net276,4
net292,4
_1996_,3.98
_2547_,3.98
Add_Rslt_s3[104],3.93
Add_Rslt_s3[112],3.93
Add_Rslt_s3[136],3.93
LZA_CNT_s3[8],3.93
_0032_,3.9
_0855_,3.9
_2114_,3.9
_0066_,3.88
_0097_,3.88
_0596_,3.88
_0621_,3.88
_1014_,3.88
_1323_,3.88
_1382_,3.88
_1891_,3.88
_2058_,3.88
_2066_,3.88
_2715_,3.88
_2778_,3.88
_2844_,3.88
_3094_,3.88
_3148_,3.88
_3258_,3.88
_3573_,3.88
_3729_,3.88
_1715_,3.86
_0562_,3.78
_1529_,3.78
_1994_,3.78
_2005_,3.78
_2225_,3.78
_2333_,3.78
_2874_,3.78
_0806_,3.76
_3244_,3.76
_1689_,3.74
_2885_,3.74
_0667_,3.68
_1516_,3.68
_1584_,3.68
_1607_,3.68
_1873_,3.68
_2242_,3.68
_2405_,3.68
_2727_,3.68
_3039_,3.68
_3101_,3.68
_3191_,3.68
_3723_,3.68
u_out_fmt.Result_out\[41\],3.66
_2729_,3.64
_2761_,3.64
_3391_,3.64
_3738_,3.64
net322,3.64
_0611_,3.56
_1094_,3.56
_1201_,3.56
_1398_,3.56
_2171_,3.56
_2229_,3.56
_2488_,3.56
_2608_,3.56
_2722_,3.56
_2768_,3.56
_2870_,3.56
_3270_,3.56
_3682_,3.56
_3699_,3.56
net312,3.56
_0039_,3.54
_0354_,3.54
_0796_,3.54
_1449_,3.54
_1484_,3.54
_2250_,3.54
_2457_,3.54
_2789_,3.54
_3004_,3.54
_3725_,3.54
_3737_,3.54
u_out_fmt.Result_out\[45\],3.54
_0869_,3.52
_0340_,3.44
_1712_,3.44
_1782_,3.44
_3733_,3.44
_0873_,3.42
_0990_,3.42
_1212_,3.42
_1571_,3.42
_1600_,3.42
_1890_,3.42
_2764_,3.42
_2796_,3.42
_2852_,3.42
_3076_,3.42
_3475_,3.42
net270,3.42
_1130_,3.32
_1438_,3.32
_2346_,3.32
_2267_,3.3
_0274_,3.22
_0628_,3.22
_1012_,3.22
_1249_,3.22
_1372_,3.22
_2212_,3.22
_2970_,3.22
_3197_,3.22
_0000_,3.2
_0047_,3.2
_1452_,3.2
_1796_,3.2
net269,3.2
_3089_,3.105
_0174_,3.1
_0888_,3.1
_1610_,3.1
_2981_,3.1
_3061_,3.1
_3087_,3.1
_3769_,3.1
u_out_fmt.Result_out\[18\],3.1
u_out_fmt.Result_out\[6\],3.1
_0210_,3.08
_0486_,3.08
_0905_,3.08
_1295_,3.08
_1810_,3.08
_2119_,3.08
_2183_,3.08
_2286_,3.08
_2341_,3.08
_2931_,3.08
_3073_,3.08
_3125_,3.08
_3274_,3.08
_3413_,3.08
u_out_fmt.Result_out\[4\],3.08
_2069_,3.04
_2276_,2.98
_2737_,2.98
net298,2.98
_0064_,2.96
_0875_,2.96
_1251_,2.96
_1480_,2.96
_1504_,2.96
_1631_,2.96
_1650_,2.96
_2338_,2.96
_2598_,2.96
_2975_,2.96
_3077_,2.96
_3133_,2.96
u_out_fmt.Result_out\[19\],2.96
net290,2.96
_0166_,2.935
_1806_,2.86
_1903_,2.86
_0247_,2.84
_2156_,2.84
_3470_,2.79
_0568_,2.76
_0633_,2.76
_0968_,2.76
_1144_,2.76
_1219_,2.76
_1256_,2.76
_1278_,2.76
_1392_,2.76
_1746_,2.76
_1893_,2.76
_1897_,2.76
_2020_,2.76
_2082_,2.76
_2221_,2.76
_2232_,2.76
_2237_,2.76
_2249_,2.76
_2262_,2.76
_2324_,2.76
_2468_,2.76
_2577_,2.76
_2673_,2.76
_2705_,2.76
_2954_,2.76
_2985_,2.76
_3085_,2.76
_3114_,2.76
_3183_,2.76
_3188_,2.76
_3381_,2.76
_3406_,2.76
_3411_,2.76
_0012_,2.74
_2825_,2.74
_2875_,2.74
_3255_,2.74
u_out_fmt.Result_out\[11\],2.74
u_out_fmt.Result_out\[54\],2.74
_1464_,2.72
_2228_,2.72
_2310_,2.72
_0890_,2.64
_1622_,2.64
_1816_,2.64
_2503_,2.64
_2854_,2.64
_0029_,2.62
_0429_,2.62
_0805_,2.62
_0812_,2.62
_0953_,2.62
_1020_,2.62
_1086_,2.62
_1272_,2.62
_1301_,2.62
_1339_,2.62
_1751_,2.62
_2014_,2.62
_2125_,2.62
_2364_,2.62
_2579_,2.62
net318,2.62
_1123_,2.535
_0282_,2.52
_0856_,2.52
_2140_,2.52
_2244_,2.52
_2596_,2.52
_3263_,2.52
_0009_,2.5
_0019_,2.5
_1046_,2.5
_1446_,2.5
_1500_,2.5
_1668_,2.5
_1847_,2.5
_1982_,2.5
_2334_,2.5
_2339_,2.5
_2393_,2.5
_3643_,2.5
_3731_,2.5
_3735_,2.5
_3763_,2.5
net274,2.5
_0539_,2.4
_1919_,2.4
_2280_,2.4
_3075_,2.4
_2223_,2.35
_0372_,2.3
_0645_,2.3
_0672_,2.3
_0987_,2.3
_1041_,2.3
_1115_,2.3
_1235_,2.3
_2027_,2.3
_2294_,2.3
_2331_,2.3
_2348_,2.3
_2368_,2.3
_2554_,2.3
_2563_,2.3
_2585_,2.3
_2748_,2.3
_2986_,2.3
_3200_,2.3
net308,2.3
_2201_,2.285
_1690_,2.28
u_out_fmt.Result_out\[25\],2.28
_2736_,2.185
_0016_,2.18
_0022_,2.18
_0936_,2.18
_1056_,2.18
_1292_,2.18
_1474_,2.18
_1476_,2.18
_1867_,2.18
_1978_,2.18
_2211_,2.18
_2353_,2.18
_2591_,2.18
u_out_fmt.Result_out\[17\],2.18
_0616_,2.16
_0691_,2.16
_0930_,2.16
_1007_,2.16
_1185_,2.16
_1228_,2.16
_1274_,2.16
_1581_,2.16
_1845_,2.16
_1940_,2.16
_2169_,2.16
_2206_,2.16
_2298_,2.16
_2434_,2.16
_2605_,2.16
_2650_,2.16
_2700_,2.16
_2820_,2.16
_2941_,2.16
_2949_,2.16
_3181_,2.16
_3269_,2.16
_3286_,2.16
_3778_,2.16
_2973_,2.06
_0079_,2.04
_1756_,2.04
_0070_,2.03
_1259_,1.94
_1313_,1.94
_1876_,1.94
_2009_,1.94
_2037_,1.94
_2358_,1.94
_0382_,1.84
_0638_,1.84
_0670_,1.84
_0693_,1.84
_0985_,1.84
_1028_,1.84
_1207_,1.84
_1209_,1.84
_1248_,1.84
_1404_,1.84
_1722_,1.84
_1744_,1.84
_1926_,1.84
_1942_,1.84
_2079_,1.84
_2154_,1.84
_3092_,1.84
_3104_,1.84
_3373_,1.84
_1821_,1.82
_2315_,1.82
_3275_,1.82
_0750_,1.72
_1267_,1.72
_1866_,1.72
_2371_,1.72
_2883_,1.72
_3728_,1.72
_0051_,1.7
_0860_,1.7
_1072_,1.7
_1305_,1.7
_2124_,1.7
_2573_,1.7
_2753_,1.7
_3189_,1.7
_3260_,1.7
_3283_,1.7
_3788_,1.7
net316,1.7
_1792_,1.48
_2006_,1.48
_2040_,1.48
_2077_,1.48
_2103_,1.48
_2335_,1.48
_2712_,1.48
_3143_,1.48
_1058_,1.38
_2148_,1.38
_2167_,1.38
_2574_,1.38
_3008_,1.38
_3020_,1.38
_3055_,1.38
_3146_,1.38
_0368_,1.36
_1514_,1.36
_1662_,1.36
u_out_fmt.Result_out\[23\],1.36
u_out_fmt.Result_out\[63\],1.36
_0078_,1.26
_0163_,1.26
_0431_,1.26
_1951_,1.26
_2424_,1.26
_3081_,1.26
_3464_,1.14
u_out_fmt.Result_out\[31\],1.085
_1317_,1.02
_1528_,1.02
_2072_,1.02
_2386_,1.02
_0054_,0.92
_0597_,0.92
_1161_,0.92
_1586_,0.92
_1911_,0.92
_1931_,0.92
_2097_,0.92
_2614_,0.92
_2939_,0.92
_3142_,0.92
_1884_,0.8
_2411_,0.8
_2416_,0.8
_3261_,0.8
_3740_,0.8
_0030_,0.46
_0829_,0.46
_2283_,0.46
_3210_,0.46
_3253_,0.46
